,count_A,count_B,ratio_A,ratio_B,log2_fold
A,9330,9620,0.0810493853972061,0.08058773759559858,0.008240913877093893
C,1497,1539,0.013004386917436824,0.012892362594562775,0.012481716525605386
D,6821,7166,0.059253789688570695,0.06003032511539293,-0.018784054148716738
E,7707,8021,0.0669504408634814,0.06719274877903426,-0.005211994873157391
F,4503,4811,0.03911740433479754,0.04030224590150364,-0.043049594944983956
G,7989,8702,0.06940016505233561,0.07289755639884683,-0.07093136081337167
H,2783,3008,0.024175824175828663,0.025198327930105603,-0.05976293155061881
I,6345,6813,0.05511879424922815,0.05707320750923458,-0.05026931590418768
K,6847,7076,0.05947965078399697,0.05927638578237805,0.004938691197056701
L,10660,10629,0.09260304912478086,0.08904023522906537,0.05660229360244049
M,2577,2744,0.02238630934283588,0.022986772553261963,-0.038187217517786115
N,5132,5177,0.04458150545107162,0.04336826585576414,0.03980557902413006
P,5355,5372,0.04651869869261235,0.04500180107729638,0.047827997005549024
Q,4613,4434,0.040072970507754845,0.037144077806541324,0.10949724899370844
R,5898,6017,0.05123572080093798,0.050405032963903,0.023582192427260087
S,7167,7605,0.06225947965078187,0.0637078736397655,-0.033178166638986824
T,6491,6481,0.05638709116969876,0.0542920090807797,0.05462504891482018
V,7954,8271,0.06909612127003101,0.06928702470407559,-0.003980479130756186
W,1552,1629,0.013482170003915479,0.013646301927577653,-0.017457319542973884
Y,3894,4258,0.033827042522697505,0.035669707555312236,-0.07652233893659548
