,count_A,count_B,ratio_A,ratio_B,log2_fold
A,194086,186221,0.09502890977184028,0.09101879702555529,0.0622019594064665
C,27323,29041,0.013377960809620858,0.014194300773915017,-0.08545355810070362
D,108496,111506,0.053122103575763455,0.05450052347013283,-0.03695780992355309
E,119437,121141,0.058479065447375515,0.05920979959549582,-0.01791571495196492
F,81489,84111,0.03989886353677003,0.041110734216960126,-0.04316748405127213
G,151443,146626,0.07414992932296419,0.07166604267332412,0.04915562500762456
H,42646,43466,0.020880449316952147,0.021244773852105058,-0.024955229484726775
I,116509,112050,0.05704545020561698,0.054766413061435114,0.058820431733984095
K,98329,98523,0.04814410966764903,0.04815485331594626,-0.0003219101785429512
L,198280,196835,0.0970823873414903,0.09620657666173617,0.013074066366378695
M,45420,45890,0.02223866266416464,0.02242954658981963,-0.01233042353360238
N,77309,78405,0.037852240684806,0.038321826114072616,-0.01778760621902958
P,99779,103464,0.048854062570842294,0.050569854181064945,-0.0497990806642128
Q,72302,72288,0.035400699866675885,0.03533203451481518,0.002801056529075901
R,128336,128120,0.06283621778221472,0.06262090889273592,0.0049518968002459154
S,135050,140120,0.06612354453534545,0.06848612046558031,-0.05064757623395124
T,115426,115131,0.05651518883033539,0.05627230613276291,0.006213564811855397
V,141204,138521,0.06913668258103603,0.06770458102349879,0.0301979270730011
W,28560,31393,0.01398362407944849,0.015343882242192521,-0.13392524680984708
Y,60965,63110,0.02984984740908828,0.03084612519685135,-0.04736571695421786
