,count_A,count_B,ratio_A,ratio_B,log2_fold
A,2057,1903,0.09324569356297076,0.08621002083896329,0.11318152346624029
C,240,264,0.010879419764314705,0.01195977167712063,-0.1365882325340036
D,1211,1193,0.054895738893921214,0.05404548337410161,0.022520113214467653
E,1417,1309,0.06423390752491909,0.0593005345655438,0.11528995218807847
F,810,924,0.03671804170445447,0.041859200869808946,-0.1890556524284658
G,1621,1594,0.07348141432454806,0.07221165171693195,0.02514775274243963
H,418,454,0.018948322756147825,0.020567183111379388,-0.11827406399437347
I,1300,1260,0.058930190389837774,0.057080728458813915,0.046003180743887734
K,1211,1113,0.054895738893921214,0.05042131013862424,0.12266056356764914
L,2018,2131,0.09147778785127698,0.0965389145600738,-0.07768912746092328
M,545,512,0.0247053490480737,0.023194708707100484,0.09102771087950275
N,891,907,0.04038984587489538,0.04108906405727001,-0.024761827791187244
P,1058,1028,0.047960108794199485,0.04657062607592953,0.04241465413549267
Q,984,782,0.044605621033549765,0.035426293376836615,0.33240499924689365
R,1299,1370,0.05888485947415332,0.062063966657595296,-0.07585917118456553
S,1341,1502,0.06078875793290046,0.06804385249613296,-0.1626602843942975
T,1284,1222,0.05820489573888648,0.05535924617196216,0.07231620851890135
V,1395,1531,0.06323662737986106,0.06935761529399351,-0.13329386956776124
W,306,337,0.013871260199488783,0.015266829754493732,-0.13830164727338815
Y,654,738,0.029646418857679376,0.03343299809732406,-0.1734148893466774
